seed,strategy,success,changed_agents,total_time,additional_time,repair_time
0,local,1,4,89,0,0.0029078000152367167
0,global,1,10,120,29,0.015062800004670862
1,local,1,1,72,0,0.0003597000031732023
1,global,1,9,71,0,0.0008009000011952594
2,local,1,2,87,0,0.0027068999988841824
2,global,1,10,88,0,0.007383800002571661
3,local,1,1,73,0,0.010549899998295587
3,global,0,10,400,326,0.9484777999823564
4,local,1,1,75,0,0.003556400006345939
4,global,1,9,75,0,0.0011182000016560778
5,local,1,1,76,0,0.00016679999680491164
5,global,1,9,75,0,0.0026294999988749623
6,local,1,2,83,0,0.0004679000048781745
6,global,1,10,81,0,0.0018430000054650009
7,local,0,3,400,310,0.46262250000290805
7,global,0,10,400,310,0.5375357000157237
8,local,1,0,66,0,0.0
8,global,1,0,66,0,0.0
9,local,1,2,82,0,0.000709400002961047
9,global,1,10,81,0,0.004841999994823709
