seed,disruption_type,success,changed_agents,additional_time,repair_time
0,breakdown,1,0,0,0.0
0,cell_blockage,1,0,0,0.0
0,emergency_task,0,2,259,0.0444392999925185
1,breakdown,1,1,0,0.00026339999749325216
1,cell_blockage,1,1,0,0.00026929999876301736
1,emergency_task,0,3,277,0.09374830000160728
2,breakdown,1,0,0,0.0
2,cell_blockage,1,2,0,0.0011344999948050827
2,emergency_task,0,0,0,2.150855899999442
3,breakdown,1,3,0,0.0033677999963401817
3,cell_blockage,1,0,0,0.0
3,emergency_task,0,0,0,0.515378399999463
4,breakdown,0,0,0,0.5727640999975847
4,cell_blockage,1,1,2,0.0013686000020243227
4,emergency_task,0,0,0,0.5135396999976365
5,breakdown,1,1,0,0.00014250000094762072
5,cell_blockage,1,2,0,0.0019107999978587031
5,emergency_task,1,2,27,0.0027931000076932833
6,breakdown,1,0,0,0.0
6,cell_blockage,1,2,0,0.001301799995417241
6,emergency_task,1,2,8,0.0025220000025001355
7,breakdown,1,1,0,0.002021300002525095
7,cell_blockage,0,2,260,0.4075972000064212
7,emergency_task,0,0,0,1.0529400000013993
8,breakdown,1,0,0,0.0
8,cell_blockage,1,2,0,0.0009521999963908456
8,emergency_task,1,1,25,0.0027449999979580753
9,breakdown,1,1,0,0.0012714999975287355
9,cell_blockage,1,2,0,0.0006610999989788979
9,emergency_task,1,2,24,0.003497199999401346
